{
  "$schema": "https://json-schema.org/draft/2020-12/schema",
  "title": "Headcore Config",
  "type": "object",
  "required": [
    "site",
    "generated_at",
    "version",
    "signature"
  ],
  "properties": {
    "site": {
      "type": "string",
      "format": "uri"
    },
    "generated_at": {
      "type": "string",
      "format": "date-time"
    },
    "version": {
      "type": "string"
    },
    "seo": {
      "type": "object",
      "properties": {
        "title_pattern": {
          "type": "string"
        },
        "canonical": {
          "type": "boolean"
        },
        "robots": {
          "type": "string"
        },
        "hreflang": {
          "type": "array",
          "items": {
            "type": "object",
            "required": [
              "lang",
              "href"
            ],
            "properties": {
              "lang": {
                "type": "string"
              },
              "href": {
                "type": "string",
                "format": "uri"
              }
            }
          }
        }
      }
    },
    "social": {
      "type": "object"
    },
    "structured_data": {
      "type": "array",
      "items": {
        "type": "object"
      }
    },
    "performance": {
      "type": "object",
      "properties": {
        "preconnect": {
          "type": "array",
          "items": {
            "type": "string"
          }
        },
        "preload": {
          "type": "array",
          "items": {
            "type": "object",
            "required": [
              "href",
              "as"
            ],
            "properties": {
              "href": {
                "type": "string"
              },
              "as": {
                "type": "string"
              },
              "type": {
                "type": "string"
              },
              "crossorigin": {
                "type": "string"
              }
            }
          }
        },
        "critical_css_url": {
          "type": "string"
        }
      }
    },
    "security": {
      "type": "object",
      "properties": {
        "csp": {
          "type": "string"
        },
        "referrer_policy": {
          "type": "string"
        }
      }
    },
    "signature": {
      "type": "string",
      "description": "base64url Ed25519 signature of the canonical JSON with signature removed"
    }
  }
}