{
  "version": "2025-10-21",
  "rules": [
    {
      "finding_code": "MISSING_CANONICAL",
      "category": "seo",
      "severity": "medium",
      "action": {
        "op": "set",
        "path": "seo.canonical",
        "value": true
      },
      "note": "Enable canonical link to current URL as safe default."
    },
    {
      "finding_code": "MISSING_ROBOTS_META",
      "category": "seo",
      "severity": "low",
      "action": {
        "op": "set",
        "path": "seo.robots",
        "value": "index,follow"
      },
      "note": "Adds robots meta when absent."
    },
    {
      "finding_code": "NO_HREFLANG",
      "category": "seo",
      "severity": "low",
      "action": {
        "op": "append",
        "path": "seo.hreflang",
        "value": {
          "lang": "en",
          "href": "{root}/"
        }
      },
      "note": "Seed hreflang with primary locale; expand later if multiple locales."
    },
    {
      "finding_code": "OG_IMAGE_MISSING",
      "category": "social",
      "severity": "medium",
      "action": {
        "op": "merge",
        "path": "social.og",
        "value": {
          "image": "{cdn}/og-default.jpg",
          "type": "website"
        }
      },
      "note": "Provide a default OG image."
    },
    {
      "finding_code": "TWITTER_CARD_MISSING",
      "category": "social",
      "severity": "low",
      "action": {
        "op": "merge",
        "path": "social.twitter",
        "value": {
          "card": "summary_large_image"
        }
      },
      "note": "Default Twitter card for rich snippets."
    },
    {
      "finding_code": "NO_ORGANIZATION_SCHEMA",
      "category": "structured_data",
      "severity": "medium",
      "action": {
        "op": "append",
        "path": "structured_data",
        "value": {
          "@context": "https://schema.org",
          "@type": "Organization",
          "name": "{brand}",
          "url": "{root}"
        }
      },
      "note": "Adds basic Organization schema; enrich later with logo/contact."
    },
    {
      "finding_code": "NO_LOCALBUSINESS_SCHEMA",
      "category": "structured_data",
      "severity": "medium",
      "action": {
        "op": "append",
        "path": "structured_data",
        "value": {
          "@context": "https://schema.org",
          "@type": "LocalBusiness",
          "name": "{brand}",
          "url": "{root}"
        }
      },
      "note": "Adds LocalBusiness schema for local SEO."
    },
    {
      "finding_code": "LCP_IMAGE_NOT_PRELOADED",
      "category": "performance",
      "severity": "high",
      "action": {
        "op": "append",
        "path": "performance.preload",
        "value": {
          "href": "{lcp_src}",
          "as": "image"
        }
      },
      "note": "Preload LCP image to improve LCP."
    },
    {
      "finding_code": "MISSING_PRECONNECT_FONTS",
      "category": "performance",
      "severity": "medium",
      "action": {
        "op": "append",
        "path": "performance.preconnect",
        "value": "https://fonts.gstatic.com"
      },
      "note": "Preconnect to Google Fonts."
    },
    {
      "finding_code": "MISSING_CRITICAL_CSS",
      "category": "performance",
      "severity": "medium",
      "action": {
        "op": "set",
        "path": "performance.critical_css_url",
        "value": "{cdn}/crit/home.css"
      },
      "note": "Link to critical CSS; generate upstream."
    },
    {
      "finding_code": "NO_REFERRER_POLICY",
      "category": "security",
      "severity": "low",
      "action": {
        "op": "set",
        "path": "security.referrer_policy",
        "value": "strict-origin-when-cross-origin"
      },
      "note": "Safer referrer behavior."
    }
  ]
}